chance_of_playing_next_round,chance_of_playing_this_round,code,cost_change_event,cost_change_event_fall,cost_change_start,cost_change_start_fall,dreamteam_count,element_type,ep_next,ep_this,event_points,first_name,form,id,in_dreamteam,news,news_added,now_cost,photo,points_per_game,second_name,selected_by_percent,special,squad_number,status,team,team_code,total_points,transfers_in,transfers_in_event,transfers_out,transfers_out_event,value_form,value_season,web_name,minutes,goals_scored,assists,clean_sheets,goals_conceded,own_goals,penalties_saved,penalties_missed,yellow_cards,red_cards,saves,bonus,bps,influence,creativity,threat,ict_index,starts,expected_goals,expected_assists,expected_goal_involvements,expected_goals_conceded,influence_rank,influence_rank_type,creativity_rank,creativity_rank_type,threat_rank,threat_rank_type,ict_index_rank,ict_index_rank_type,corners_and_indirect_freekicks_order,corners_and_indirect_freekicks_text,direct_freekicks_order,direct_freekicks_text,penalties_order,penalties_text,expected_goals_per_90,saves_per_90,expected_assists_per_90,expected_goal_involvements_per_90,expected_goals_conceded_per_90,goals_conceded_per_90,now_cost_rank,now_cost_rank_type,form_rank,form_rank_type,points_per_game_rank,points_per_game_rank_type,selected_rank,selected_rank_type,starts_per_90,clean_sheets_per_90
100.0,100.0,84450,0,0,-2,2,1,3,3.8,3.8,1,Granit,3.3,3,False,,2023-04-22T08:30:07.774962Z,48,84450.jpg,3.9,Xhaka,2.6,False,,a,1,3,136,918876,2068,819854,1253,0.7,28.3,Xhaka,2856,5,8,12,34,0,0,0,4,0,0,13,581,643.6,671.7,498.0,181.5,34,3.77,3.86,7.63,35.91,51,22,28,22,59,37,36,24,,,2.0,,,,0.12,0.0,0.12,0.24,1.13,1.07,264,157,73,40,62,28,119,42,1.07,0.38
0.0,0.0,153256,0,0,-4,4,1,3,0.0,0.0,0,Mohamed,0.0,4,False,Knee injury - Unknown return date,2023-01-26T10:00:07.778526Z,41,153256.jpg,1.2,Elneny,0.6,False,,i,1,3,6,200851,105,278458,101,0.0,1.5,Elneny,111,0,0,0,2,0,0,0,0,0,0,0,27,4.6,5.4,0.0,1.1,1,0.00,0.04,0.04,1.29,503,226,458,220,587,232,504,226,,,,,,,0.0,0.0,0.03,0.03,1.05,1.62,627,328,511,183,443,193,251,82,0.81,0.0
,,156074,0,0,-3,3,0,2,2.0,2.0,0,Rob,1.5,5,False,,,42,156074.jpg,1.5,Holding,0.2,False,,a,1,3,21,22218,150,25992,209,0.4,5.0,Holding,562,1,0,0,13,0,0,0,0,0,0,0,120,152.0,10.3,54.0,21.6,6,0.32,0.15,0.47,11.14,330,133,446,158,338,117,397,146,,,,,,,0.05,0.0,0.02,0.07,1.78,2.08,592,163,208,62,399,140,367,139,0.96,0.0
100.0,100.0,167199,0,0,-3,3,0,3,1.5,1.5,0,Thomas,1.0,6,False,,2023-03-31T15:30:08.770925Z,47,167199.jpg,2.6,Partey,0.4,False,,a,1,3,81,109114,69,141048,145,0.2,17.2,Partey,2300,3,0,10,27,0,0,0,5,0,0,6,437,498.4,425.7,234.0,116.0,26,2.59,2.03,4.62,31.25,111,48,70,59,151,88,96,68,,,,,,,0.1,0.0,0.08,0.18,1.22,1.06,311,186,268,128,216,82,282,94,1.02,0.39
100.0,100.0,184029,1,-1,3,-3,5,3,8.2,8.2,2,Martin,7.7,7,True,,2023-03-09T22:30:08.763464Z,68,184029.jpg,5.9,Ødegaard,30.6,False,,a,1,3,207,6546243,39013,4852072,13487,1.1,30.4,Ødegaard,2968,15,8,12,37,0,0,0,4,0,0,30,784,958.4,1075.4,913.0,294.9,35,9.68,7.47,17.15,37.10,8,3,7,5,17,7,7,5,3.0,,1.0,,,,0.29,0.0,0.23,0.52,1.12,1.12,45,22,3,1,8,3,6,4,1.06,0.36
100.0,100.0,192895,0,0,-4,4,0,2,1.2,1.2,1,Kieran,0.7,8,False,,2023-03-29T08:30:08.049621Z,46,192895.jpg,1.4,Tierney,0.7,False,,a,1,3,35,86304,581,156364,130,0.2,7.6,Tierney,737,0,1,1,10,0,0,0,0,0,0,0,161,141.4,83.4,59.0,28.6,6,0.30,0.40,0.70,10.51,347,142,311,101,330,112,363,126,,,,,,,0.04,0.0,0.05,0.09,1.28,1.22,333,57,306,101,421,148,215,78,0.73,0.12
0.0,0.0,195735,0,0,-2,2,0,3,0.0,0.0,0,Nicolas,0.0,9,False,Season-long loan to Nice,2022-08-26T07:24:29.541862Z,53,195735.jpg,0.0,Pépé,0.1,False,,u,1,3,0,5198,0,36729,4,0.0,0.0,Pépé,0,0,0,0,0,0,0,0,0,0,0,0,0,0.0,0.0,0.0,0.0,0,0.00,0.00,0.00,0.00,754,326,753,326,751,326,755,326,,,,,,,0.0,0.0,0.0,0.0,0.0,0.0,145,78,741,320,755,326,441,159,0.0,0.0
,,198869,0,0,5,-5,1,2,3.7,3.7,1,Benjamin,3.2,10,True,,,50,198869.jpg,4.1,White,15.3,False,,a,1,3,148,3148176,11052,2133739,10819,0.6,29.6,White,2874,2,5,14,34,0,0,0,5,0,0,12,694,631.2,468.4,159.0,125.9,34,1.25,3.47,4.72,36.21,58,15,59,8,205,37,81,9,,,,,,,0.04,0.0,0.11,0.15,1.13,1.06,198,25,87,18,48,5,22,7,1.06,0.44
100.0,100.0,205533,0,0,-7,7,1,4,1.2,1.2,1,Eddie,0.7,11,False,,2023-03-02T00:00:07.606120Z,63,205533.jpg,2.2,Nketiah,1.8,False,,a,1,3,61,1925719,126,1861322,594,0.1,9.7,Nketiah,1034,4,2,2,16,0,0,0,3,0,0,5,161,213.4,127.4,594.0,92.7,9,7.30,1.24,8.54,14.26,286,32,242,37,42,16,137,24,,,,,,,0.64,0.0,0.11,0.75,1.24,1.39,61,27,311,40,289,40,142,22,0.78,0.17
100.0,100.0,209289,0,0,-4,4,0,3,0.8,0.8,1,Emile,0.3,12,False,,2023-02-03T10:30:09.166437Z,56,209289.jpg,1.3,Smith Rowe,0.4,False,,a,1,3,14,28091,18,151001,33,0.1,2.5,Smith Rowe,146,0,1,0,5,0,0,0,0,0,0,0,48,36.6,64.3,39.0,13.8,0,0.25,0.55,0.80,2.53,448,196,341,177,379,184,424,190,,,,,,,0.15,0.0,0.34,0.49,1.56,3.08,93,49,355,167,442,192,298,100,0.0,0.0
100.0,100.0,223340,0,0,1,-1,7,3,4.2,4.2,2,Bukayo,3.7,13,True,,2023-01-13T15:00:07.612275Z,81,223340.jpg,5.4,Saka,28.5,False,,a,1,3,194,6042297,7581,5238738,31894,0.5,24.0,Saka,3034,13,12,12,41,0,0,1,6,0,0,19,645,963.4,1059.2,1141.0,316.4,35,11.19,5.84,17.03,38.82,7,2,8,6,9,4,5,3,1.0,,,,1.0,,0.33,0.0,0.17,0.5,1.15,1.22,15,6,61,34,12,6,9,6,1.04,0.36
0.0,0.0,223723,0,0,-3,3,0,2,0.0,0.0,0,Takehiro,0.0,14,False,Knee injury - Expected back 01 Jul,2023-03-17T00:00:06.857640Z,42,223723.jpg,1.5,Tomiyasu,0.5,False,,i,1,3,32,89651,3,224264,58,0.0,7.6,Tomiyasu,651,0,1,2,11,0,0,0,2,0,0,0,173,137.0,86.6,55.0,27.7,6,0.24,0.23,0.47,8.93,352,143,306,98,335,115,367,127,,,,,,,0.03,0.0,0.03,0.06,1.23,1.52,604,172,522,209,401,142,272,101,0.83,0.28
100.0,100.0,225321,0,0,-2,2,3,1,3.7,3.7,2,Aaron,3.2,15,False,,2022-08-31T22:30:06.428076Z,48,225321.jpg,3.8,Ramsdale,10.8,False,,a,1,3,135,1619525,3560,2093595,3096,0.7,28.1,Ramsdale,3240,0,0,13,42,0,0,0,1,0,93,9,635,749.2,0.0,0.0,75.0,36,0.00,0.02,0.02,41.29,26,7,736,78,729,73,183,8,,,,,,,0.0,2.58,0.0,0.0,1.15,1.17,284,11,85,9,72,14,41,7,1.0,0.36
100.0,100.0,226597,0,0,2,-2,3,2,2.5,2.5,1,Gabriel,2.0,16,True,,2023-05-03T06:30:06.887452Z,52,226597.jpg,3.9,dos Santos Magalhães,13.0,False,,a,1,3,139,2816132,6186,2418856,5339,0.4,26.7,Gabriel,3229,3,0,13,42,0,0,0,4,0,0,15,686,714.4,113.4,401.0,122.9,36,5.04,0.60,5.64,40.82,34,6,260,72,81,3,84,10,,,,,,,0.14,0.0,0.02,0.16,1.14,1.17,163,17,174,50,67,15,34,12,1.0,0.36
0.0,0.0,437626,0,0,0,0,0,2,0.0,0.0,0,Nuno,0.0,17,False,Joined Marseille on loan - Expected back 01 Jul,2022-07-31T21:00:04.269675Z,45,437626.jpg,0.0,Varela Tavares,0.0,False,,u,1,3,0,0,0,1980,0,0.0,0.0,Tavares,0,0,0,0,0,0,0,0,0,0,0,0,0,0.0,0.0,0.0,0.0,0,0.00,0.00,0.00,0.00,680,253,677,253,662,252,683,253,,,,,,,0.0,0.0,0.0,0.0,0.0,0.0,391,81,622,246,687,253,693,250,0.0,0.0
75.0,,444145,0,0,7,-7,4,3,3.2,4.3,1,Gabriel,3.8,19,True,Knock - 75% chance of playing,2023-05-14T20:00:08.628890Z,67,444145.jpg,5.5,Martinelli Silva,38.0,False,,d,1,3,198,7870730,7761,6278267,85254,0.6,29.6,Martinelli,2789,15,9,14,33,0,0,0,3,0,0,18,648,844.2,838.1,1300.0,298.1,34,9.15,6.98,16.13,36.16,17,7,15,13,5,3,6,4,4.0,,3.0,,3.0,,0.3,0.0,0.23,0.53,1.17,1.06,47,24,55,29,10,5,4,2,1.1,0.45
0.0,0.0,92371,0,0,0,0,0,2,0.0,0.0,0,Pablo,0.0,20,False,Season-long loan to Monza,2022-08-12T14:22:56.974936Z,45,92371.jpg,0.0,Marí Villar,0.0,False,,u,1,3,0,162,0,4184,0,0.0,0.0,Pablo Marí,0,0,0,0,0,0,0,0,0,0,0,0,0,0.0,0.0,0.0,0.0,0,0.00,0.00,0.00,0.00,661,250,657,250,642,248,665,250,,,,,,,0.0,0.0,0.0,0.0,0.0,0.0,350,64,597,239,669,250,648,234,0.0,0.0
0.0,0.0,198849,0,0,0,0,0,3,0.0,0.0,0,Lucas,0.0,22,False,Transferred to Galatasaray,2022-08-10T10:32:07.133718Z,45,198849.jpg,0.0,Torreira di Pascua,0.1,False,,u,1,3,0,2811,0,39168,3,0.0,0.0,Torreira,0,0,0,0,0,0,0,0,0,0,0,0,0,0.0,0.0,0.0,0.0,0,0.00,0.00,0.00,0.00,668,266,664,269,649,262,672,268,,,,,,,0.0,0.0,0.0,0.0,0.0,0.0,367,209,607,226,676,272,465,170,0.0,0.0
100.0,100.0,200641,0,0,-3,3,2,3,2.0,2.0,1,Reiss,1.5,23,False,,2022-12-22T15:30:07.123983Z,47,200641.jpg,4.1,Nelson,0.0,False,,a,1,3,41,16449,33,17600,26,0.3,8.7,Nelson,172,3,3,1,3,0,0,0,0,0,0,5,118,169.8,99.2,155.0,42.4,0,0.94,0.37,1.31,1.98,318,131,283,153,209,122,304,137,,,,,,,0.49,0.0,0.19,0.68,1.04,1.57,316,190,210,102,46,23,553,218,0.0,0.52
100.0,100.0,224068,0,0,-2,2,0,1,0.5,0.5,0,Matt,0.0,24,False,,2022-10-27T22:30:07.060057Z,38,224068.jpg,0.0,Turner,1.3,False,,a,1,3,0,230993,345,224757,284,0.0,0.0,Turner,0,0,0,0,0,0,0,0,0,0,0,0,0,0.0,0.0,0.0,0.0,0,0.00,0.00,0.00,0.00,540,44,517,20,482,10,543,44,,,,,,,0.0,0.0,0.0,0.0,0.0,0.0,759,83,408,33,549,44,164,25,0.0,0.0
100.0,100.0,438098,0,0,-4,4,1,3,0.8,0.8,0,Fábio,0.3,25,False,,2022-08-04T15:00:05.309562Z,56,438098.jpg,1.9,Ferreira Vieira,0.1,False,,a,1,3,38,20700,15,31858,19,0.1,6.8,Fábio Vieira,465,1,2,2,5,0,0,0,0,0,0,2,128,110.6,168.5,121.0,39.6,3,0.86,1.38,2.24,4.99,368,152,196,123,242,131,316,142,,,,,,,0.17,0.0,0.27,0.44,0.97,0.97,100,53,357,168,346,143,405,143,0.58,0.39
0.0,0.0,462424,0,0,4,-4,2,2,0.0,0.0,0,William,0.0,26,False,Back injury - Unknown return date,2023-03-17T00:00:06.900817Z,49,462424.jpg,4.3,Saliba,15.9,False,,i,1,3,117,5425627,40,4580561,7078,0.0,23.9,Saliba,2415,2,1,12,25,1,0,0,4,0,0,14,571,529.0,100.8,114.0,74.5,27,0.91,0.32,1.23,26.86,99,32,281,87,249,66,186,50,,,,,,,0.03,0.0,0.01,0.04,1.0,0.93,252,34,716,252,31,2,19,6,1.01,0.45
0.0,0.0,479683,0,0,-4,4,0,3,0.0,0.0,0,Marcus,0.0,27,False,Season-long loan to Norwich City,2023-01-31T13:56:28.318276Z,46,479683.jpg,1.0,Oliveira Alencar,0.1,False,,u,1,3,1,7000,0,14802,3,0.0,0.2,Marquinhos,1,0,0,0,0,0,0,0,0,0,0,0,3,0.0,0.2,0.0,0.0,0,0.00,0.00,0.00,0.00,734,311,503,245,721,307,735,311,,,,,,,0.0,0.0,0.0,0.0,0.0,0.0,339,202,689,280,507,228,483,181,0.0,0.0
100.0,100.0,205651,0,0,1,-1,1,4,4.2,4.2,2,Gabriel,3.7,28,False,,2022-12-04T08:30:06.137006Z,81,205651.jpg,4.7,Fernando de Jesus,27.7,False,,a,1,3,112,3637659,5809,8296707,7767,0.5,13.8,Jesus,1884,10,6,8,22,0,0,0,5,0,0,14,354,588.0,393.7,1202.0,218.3,22,13.71,2.47,16.18,22.13,71,6,80,6,8,5,19,5,,,,,2.0,,0.65,0.0,0.12,0.77,1.06,1.05,14,9,60,13,20,7,11,3,1.05,0.38
100.0,100.0,116216,0,0,1,-1,3,3,2.2,2.2,2,Leandro,1.7,111,False,,2023-03-04T18:30:07.114103Z,66,116216.jpg,4.2,Trossard,6.9,False,,a,1,3,143,4942711,3041,4558402,2721,0.3,21.7,Trossard,2089,8,11,7,37,0,0,0,1,0,0,8,457,618.0,669.9,850.0,213.8,24,6.13,5.52,11.65,30.02,64,26,29,23,21,11,20,14,2.0,,,,,,0.26,0.0,0.24,0.5,1.29,1.59,50,26,200,98,45,22,57,17,1.03,0.3
100.0,100.0,85955,0,0,-3,3,1,3,2.3,2.3,1,Jorge Luiz,1.8,130,False,,2023-03-02T00:00:07.754347Z,57,85955.jpg,2.5,Frello Filho,1.9,False,,a,1,3,74,447158,193,602164,210,0.3,13.0,Jorginho,1947,2,2,8,22,0,0,0,4,0,0,5,348,370.2,239.8,91.0,70.2,22,1.80,0.83,2.63,23.39,178,75,140,98,278,144,207,105,,,,,,,0.08,0.0,0.04,0.12,1.08,1.02,80,42,193,92,237,92,134,47,1.02,0.37
25.0,25.0,206325,0,0,1,-1,2,2,0.5,0.5,0,Oleksandr,1.3,313,False,Calf injury - 25% chance of playing,2023-05-12T07:30:08.369212Z,51,206325.jpg,3.7,Zinchenko,10.2,False,,d,1,3,99,3068199,96,3980400,21644,0.3,19.4,Zinchenko,2122,1,2,10,28,0,0,0,3,0,0,8,500,405.0,387.7,190.0,98.3,26,1.32,2.39,3.71,26.67,149,54,82,11,182,29,125,23,,,,,,,0.06,0.0,0.1,0.16,1.13,1.19,177,19,240,79,76,17,44,16,1.1,0.42
,,232241,0,0,-1,1,0,3,0.5,0.5,0,Matthew,0.0,607,False,,,44,232241.jpg,0.0,Smith,0.1,False,,a,1,3,0,14286,22,12537,10,0.0,0.0,Smith,0,0,0,0,0,0,0,0,0,0,0,0,0,0.0,0.0,0.0,0.0,0,0.00,0.00,0.00,0.00,646,252,640,255,622,246,650,254,,,,,,,0.0,0.0,0.0,0.0,0.0,0.0,506,278,577,208,654,258,467,171,0.0,0.0
,,499175,0,0,0,0,0,3,0.5,0.5,0,Ethan,0.0,630,False,,,45,499175.jpg,1.0,Nwaneri,0.0,False,,a,1,3,1,1592,12,1322,9,0.0,0.2,Nwaneri,1,0,0,0,0,0,0,0,0,0,0,0,3,0.0,0.0,0.0,0.0,0,0.00,0.00,0.00,0.00,707,289,703,291,691,285,709,290,,,,,,,0.0,0.0,0.0,0.0,0.0,0.0,430,241,655,254,501,223,675,269,0.0,0.0
,,514315,0,0,0,0,0,2,0.5,0.5,0,Lino,0.0,631,False,,,40,514315.jpg,0.0,Sousa,0.1,False,,a,1,3,0,8391,19,7319,18,0.0,0.0,Sousa,0,0,0,0,0,0,0,0,0,0,0,0,0,0.0,0.0,0.0,0.0,0,0.00,0.00,0.00,0.00,615,229,600,227,571,222,618,228,,,,,,,0.0,0.0,0.0,0.0,0.0,0.0,698,219,493,189,625,230,473,178,0.0,0.0
,,463748,0,0,-1,1,0,1,0.5,0.5,0,Karl,0.0,655,False,,,39,463748.jpg,0.0,Hein,0.0,False,,a,1,3,0,2469,4,2039,3,0.0,0.0,Hein,0,0,0,0,0,0,0,0,0,0,0,0,0,0.0,0.0,0.0,0.0,0,0.00,0.00,0.00,0.00,561,53,543,34,509,24,564,53,,,,,,,0.0,0.0,0.0,0.0,0.0,0.0,740,73,434,44,570,53,641,67,0.0,0.0
,,519324,0,0,0,0,0,3,0.5,0.5,0,Amario,0.0,668,False,,,45,519324.jpg,0.0,Cozier-Duberry,0.0,False,,a,1,3,0,288,7,210,1,0.0,0.0,Cozier-Duberry,0,0,0,0,0,0,0,0,0,0,0,0,0,0.0,0.0,0.0,0.0,0,0.00,0.00,0.00,0.00,716,297,712,299,700,293,718,298,,,,,,,0.0,0.0,0.0,0.0,0.0,0.0,443,253,665,263,721,301,733,304,0.0,0.0
0.0,0.0,461025,0,0,0,0,0,4,0.0,0.0,0,Nathan,0.0,685,False,Season-long loan to Accrington Stanley,2023-01-31T23:21:06.874787Z,45,461025.jpg,0.0,Butler-Oyedeji,0.0,False,,u,1,3,0,735,0,692,1,0.0,0.0,Butler-Oyedeji,0,0,0,0,0,0,0,0,0,0,0,0,0,0.0,0.0,0.0,0.0,0,0.00,0.00,0.00,0.00,688,77,685,77,670,77,691,78,,,,,,,0.0,0.0,0.0,0.0,0.0,0.0,402,75,631,67,695,78,709,92,0.0,0.0
,,440854,0,0,0,0,0,2,2.0,2.0,1,Jakub,1.5,710,False,,,40,440854.jpg,2.2,Kiwior,0.1,False,,a,1,3,11,14731,967,1746,152,0.4,2.8,Kiwior,284,0,0,1,5,0,0,0,0,0,0,0,67,54.8,1.3,4.0,6.1,3,0.00,0.00,0.00,5.82,424,158,477,172,454,167,460,161,,,,,,,0.0,0.0,0.0,0.0,1.84,1.58,671,200,207,61,267,98,412,153,0.95,0.32
,,535262,0,0,0,0,0,2,0.5,0.5,0,Reuell,0.0,751,False,,,40,535262.jpg,0.0,Walters,0.0,False,,a,1,3,0,421,8,248,8,0.0,0.0,Walters,0,0,0,0,0,0,0,0,0,0,0,0,0,0.0,0.0,0.0,0.0,0,0.00,0.00,0.00,0.00,622,234,608,233,579,228,626,234,,,,,,,0.0,0.0,0.0,0.0,0.0,0.0,707,226,502,196,632,235,685,246,0.0,0.0
75.0,100.0,84583,0,0,-4,4,0,3,-0.4,0.0,0,Philippe,0.0,29,False,Knock - 75% chance of playing,2023-05-13T17:30:09.051528Z,66,84583.jpg,1.6,Coutinho Correia,2.9,False,,d,2,7,32,233885,30,1483275,130,0.0,4.8,Coutinho,777,1,0,3,9,0,0,0,3,0,0,1,98,119.2,152.5,218.0,48.8,7,1.37,0.65,2.02,8.11,363,148,214,131,161,96,276,122,5.0,,4.0,,2.0,,0.16,0.0,0.08,0.24,0.94,1.04,48,25,757,328,395,172,114,40,0.81,0.35
100.0,100.0,98980,0,0,0,0,3,1,2.1,2.6,2,Emiliano,2.6,31,False,,2023-04-22T17:30:07.881117Z,50,98980.jpg,3.8,Martínez Romero,6.7,False,,a,2,7,130,1030988,1189,990904,5539,0.5,26.0,Martínez,2959,0,0,11,36,1,1,0,6,0,91,15,643,787.0,23.0,0.0,80.9,34,0.00,0.21,0.21,41.22,22,6,410,2,737,77,167,6,,,,,,,0.0,2.77,0.01,0.01,1.25,1.09,189,7,128,13,73,15,59,10,1.03,0.33
100.0,100.0,101184,0,0,-3,3,0,2,0.1,0.6,0,Calum,0.6,32,False,,2022-10-02T21:00:06.977430Z,42,101184.jpg,0.9,Chambers,0.2,False,,a,2,7,13,11171,27,27237,25,0.1,3.1,Chambers,345,0,0,0,4,0,0,0,2,0,0,0,67,74.4,29.8,8.0,11.1,2,0.14,0.19,0.33,5.88,403,153,394,139,441,161,437,156,,,,,,,0.04,0.0,0.05,0.09,1.53,1.04,586,158,314,102,524,179,376,142,0.52,0.0
100.0,100.0,101188,0,0,-5,5,1,2,0.3,0.8,0,Lucas,0.8,33,False,,2023-01-14T08:00:07.869716Z,45,101188.jpg,1.8,Digne,1.2,False,,a,2,7,48,349542,158,630965,301,0.2,10.7,Digne,1350,1,0,3,24,1,0,0,4,0,0,4,224,260.2,291.8,90.0,64.3,16,0.34,1.72,2.06,24.20,250,96,118,21,279,81,222,68,3.0,,2.0,,,,0.02,0.0,0.11,0.13,1.61,1.6,351,65,287,98,353,129,168,59,1.07,0.2
100.0,100.0,110504,0,0,-1,1,0,3,0.1,0.6,0,Bertrand,0.6,34,False,,2022-08-22T19:30:06.057056Z,49,110504.jpg,2.5,Traoré,0.1,False,,a,2,7,20,8557,15,23594,39,0.1,4.1,Traoré,226,2,0,1,1,0,0,0,1,0,0,1,57,82.0,30.7,79.0,19.0,1,0.75,0.12,0.87,1.65,400,172,393,200,299,150,408,180,,,,,,,0.3,0.0,0.05,0.35,0.66,0.4,229,130,318,152,231,86,481,179,0.4,0.4
100.0,100.0,111782,0,0,-1,1,0,1,-0.3,0.2,0,Robin,0.2,35,False,,2022-12-22T11:30:06.990947Z,39,111782.jpg,2.5,Olsen,1.4,False,,a,2,7,10,120275,191,166264,219,0.1,2.6,Olsen,280,0,0,1,8,0,0,0,0,0,11,1,62,83.2,0.0,0.0,8.2,2,0.00,0.00,0.00,8.56,398,28,530,27,495,17,450,28,,,,,,,0.0,3.54,0.0,0.0,2.75,2.57,723,66,360,24,224,29,158,23,0.64,0.32
0.0,0.0,122775,0,0,-2,2,0,3,0.0,0.0,0,Morgan,0.0,36,False,Season-long loan to Strasbourg,2023-01-25T09:48:37.040310Z,43,122775.jpg,1.0,Sanson,0.2,False,,u,2,7,2,29851,0,48276,11,0.0,0.5,Sanson,10,0,0,0,1,0,0,0,0,0,0,0,6,4.2,0.5,0.0,0.4,0,0.00,0.00,0.00,0.40,506,229,492,238,600,236,520,235,,,,,,,0.0,0.0,0.0,0.0,3.6,9.0,541,292,543,193,481,210,361,126,0.0,0.0
100.0,100.0,122806,0,0,-4,4,1,3,2.1,2.6,1,John,2.6,37,False,,2023-01-02T01:30:08.408535Z,51,122806.jpg,2.7,McGinn,0.6,False,,a,2,7,87,68955,147,188137,329,0.5,17.1,McGinn,2512,1,5,10,29,0,0,0,6,0,0,3,343,366.0,340.3,316.0,102.3,28,2.25,3.26,5.51,35.49,182,76,102,76,110,71,115,75,2.0,,,,,,0.08,0.0,0.12,0.2,1.27,1.04,173,98,129,59,201,77,249,80,1.0,0.36
0.0,0.0,123354,0,0,-1,1,0,2,0.0,0.0,0,Kortney,0.0,38,False,Joined Watford on loan - Expected back 01 Jul,2022-08-05T11:30:05.731214Z,44,123354.jpg,0.0,Hause,0.0,False,,u,2,7,0,89,0,2932,0,0.0,0.0,Hause,0,0,0,0,0,0,0,0,0,0,0,0,0,0.0,0.0,0.0,0.0,0,0.00,0.00,0.00,0.00,641,244,635,244,616,242,645,244,,,,,,,0.0,0.0,0.0,0.0,0.0,0.0,480,97,566,228,650,244,682,245,0.0,0.0
100.0,100.0,149484,0,0,3,-3,4,2,3.9,4.4,2,Tyrone,4.4,39,False,,2023-02-12T22:30:09.087745Z,48,149484.jpg,3.9,Mings,13.2,False,,a,2,7,128,2040157,6706,1223940,18947,0.9,26.7,Mings,2970,1,3,12,38,1,0,0,5,0,0,17,603,632.0,87.2,121.0,84.4,33,0.96,0.95,1.91,45.04,55,13,304,96,240,60,155,34,,,,,,,0.03,0.0,0.03,0.06,1.36,1.15,270,39,31,4,63,11,33,11,1.0,0.36
100.0,100.0,178301,0,0,-1,1,3,4,1.7,2.2,4,Ollie,2.2,40,False,,2023-01-14T08:00:07.885748Z,74,178301.jpg,4.7,Watkins,13.6,False,,a,2,7,166,3957276,6398,2854744,29236,0.3,22.4,Watkins,2953,14,8,12,39,0,0,0,4,0,0,22,520,789.0,395.0,1260.0,244.5,34,14.35,2.62,16.97,44.81,21,4,79,5,6,3,14,4,,,,,1.0,,0.44,0.0,0.08,0.52,1.37,1.19,27,13,161,24,19,6,30,7,1.04,0.37
0.0,0.0,184704,0,0,-2,2,0,3,0.0,0.0,0,Marvelous,0.0,41,False,Season-long loan to Luton,2023-01-31T23:15:04.679476Z,43,184704.jpg,0.0,Nakamba,0.1,False,,u,2,7,0,18713,0,31641,7,0.0,0.0,Nakamba,0,0,0,0,0,0,0,0,0,0,0,0,0,0.0,0.0,0.0,0.0,0,0.00,0.00,0.00,0.00,635,247,627,250,604,238,639,249,,,,,,,0.0,0.0,0.0,0.0,0.0,0.0,551,296,549,195,644,254,433,155,0.0,0.0
,,195546,0,0,-3,3,0,3,2.5,3.0,3,Emiliano,3.0,42,False,,,57,195546.jpg,3.2,Buendía Stati,0.8,False,,a,2,7,115,268132,557,249162,1329,0.5,20.2,Buendía,2358,5,3,11,33,0,0,0,0,0,0,8,359,431.0,535.5,578.0,154.6,27,6.23,3.69,9.92,36.13,139,60,46,38,47,28,58,40,,,,,,,0.24,0.0,0.14,0.38,1.38,1.26,84,45,98,47,136,56,207,69,1.03,0.42
100.0,100.0,199796,0,0,-4,4,1,2,-0.3,0.2,1,Matty,0.2,43,False,,2023-03-25T22:00:08.093504Z,46,199796.jpg,2.2,Cash,3.1,False,,a,2,7,54,399063,367,1785510,276,0.0,11.7,Cash,1637,0,2,4,27,0,0,0,3,0,0,3,298,277.6,177.9,67.0,52.3,18,0.20,0.95,1.15,24.90,230,88,186,43,317,107,264,88,,,,,,,0.01,0.0,0.05,0.06,1.37,1.48,334,58,381,133,273,102,106,37,0.99,0.22
100.0,100.0,199798,0,0,-1,1,0,2,2.7,3.2,2,Ezri,3.2,44,False,,2022-07-05T15:30:04.118376Z,44,199798.jpg,3.0,Konsa Ngoyo,1.1,False,,a,2,7,107,203342,1341,122848,1842,0.7,24.3,Konsa,3142,0,0,12,43,0,0,0,5,0,0,6,610,537.0,116.1,72.0,72.6,35,1.08,0.71,1.79,48.43,94,29,255,69,309,101,198,56,,,,,,,0.03,0.0,0.02,0.05,1.39,1.23,496,109,80,14,159,48,179,61,1.0,0.34
100.0,100.0,215711,0,0,-7,7,2,3,0.9,1.4,6,Leon,1.4,45,False,,2023-04-08T22:30:07.902543Z,43,215711.jpg,3.1,Bailey,2.6,False,,a,2,7,97,1087682,1588,2374013,371,0.3,22.6,Bailey,1843,4,5,8,31,0,0,0,4,0,0,6,225,330.2,438.8,523.0,128.8,24,5.15,4.10,9.25,33.46,202,83,68,57,52,32,80,57,4.0,,3.0,,,,0.25,0.0,0.2,0.45,1.63,1.51,560,299,217,105,142,58,117,41,1.17,0.39
100.0,100.0,230046,0,0,-2,2,3,3,4.3,4.8,10,Douglas Luiz,4.8,46,False,,2023-01-02T01:30:08.503948Z,48,230046.jpg,3.6,Soares de Paulo,0.7,False,,a,2,7,126,170865,2953,166802,667,1.0,26.2,Douglas Luiz,2746,5,6,12,34,0,0,0,6,1,0,14,537,626.6,612.1,242.0,148.0,31,2.56,2.78,5.34,40.96,59,23,38,30,145,85,60,42,1.0,,1.0,,,,0.08,0.0,0.09,0.17,1.34,1.11,287,171,20,10,82,36,221,72,1.02,0.39
100.0,100.0,232653,0,0,-4,4,3,3,2.9,3.4,8,Jacob,3.4,47,False,,2022-12-20T01:00:07.011748Z,51,232653.jpg,3.6,Ramsey,1.2,False,,a,2,7,118,305132,2133,376173,1274,0.7,23.1,Ramsey,2454,5,6,11,31,1,0,0,4,0,0,10,420,561.8,492.1,374.0,142.8,29,3.42,2.26,5.68,38.26,79,33,54,44,91,58,67,47,,,,,,,0.13,0.0,0.08,0.21,1.4,1.14,180,102,68,38,85,37,171,55,1.06,0.4
0.0,0.0,490094,0,0,0,0,0,3,0.0,0.0,0,Tim,0.0,49,False,Season-long loan to QPR,2022-09-02T11:07:08.174211Z,45,490094.jpg,0.0,Iroegbunam,0.0,False,,u,2,7,0,1334,0,4026,0,0.0,0.0,Iroegbunam,0,0,0,0,0,0,0,0,0,0,0,0,0,0.0,0.0,0.0,0.0,0,0.00,0.00,0.00,0.00,700,285,697,288,684,281,703,287,,,,,,,0.0,0.0,0.0,0.0,0.0,0.0,420,235,645,248,707,291,644,257,0.0,0.0
100.0,100.0,165659,0,0,-3,3,0,2,-0.3,0.2,0,Diego Carlos,0.2,50,False,,2022-08-13T15:30:06.470124Z,47,165659.jpg,1.3,Santos Silva,0.2,False,,a,2,7,4,15167,85,102438,84,0.0,0.9,Diego Carlos,205,0,0,0,3,0,0,0,0,0,0,0,20,24.8,13.2,32.0,7.0,2,0.36,0.11,0.47,1.92,466,165,436,156,386,139,455,160,,,,,,,0.16,0.0,0.05,0.21,0.84,1.32,310,52,385,136,439,154,347,127,0.88,0.0
0.0,0.0,193488,0,0,-2,2,0,3,0.0,0.0,0,Anwar,0.0,51,False,Transferred to PSV Eindhoven,2022-09-01T08:52:22.652805Z,48,193488.jpg,0.0,El Ghazi,0.0,False,,u,2,7,0,2511,0,13408,0,0.0,0.0,El Ghazi,0,0,0,0,0,0,0,0,0,0,0,0,0,0.0,0.0,0.0,0.0,0,0.00,0.00,0.00,0.00,738,315,734,316,727,313,739,315,,,,,,,0.0,0.0,0.0,0.0,0.0,0.0,276,165,703,294,741,317,584,231,0.0,0.0
0.0,0.0,221239,0,0,-1,1,0,4,0.0,0.0,0,Keinan,0.0,52,False,Joined Watford on loan - Expected back 01 Jul,2022-08-05T11:30:05.744996Z,54,221239.jpg,0.0,Davis,0.0,False,,u,2,7,0,586,0,14021,0,0.0,0.0,Davis,0,0,0,0,0,0,0,0,0,0,0,0,0,0.0,0.0,0.0,0.0,0,0.00,0.00,0.00,0.00,758,88,758,88,758,88,758,88,,,,,,,0.0,0.0,0.0,0.0,0.0,0.0,127,43,747,85,758,88,563,74,0.0,0.0
100.0,100.0,226944,0,0,-2,2,0,3,-0.1,0.4,1,Boubacar,0.4,53,False,,2023-04-05T09:30:06.857573Z,48,226944.jpg,1.8,Kamara,0.1,False,,a,2,7,40,13364,4,25505,3,0.1,8.3,Kamara,1593,0,1,3,28,0,0,0,4,0,0,0,220,263.6,122.1,39.0,42.5,19,0.15,0.89,1.04,30.81,246,106,247,145,378,183,303,136,,,,,,,0.01,0.0,0.05,0.06,1.74,1.58,285,170,343,160,357,149,451,167,1.07,0.17
0.0,0.0,433979,0,0,-3,3,0,4,0.0,0.0,0,Cameron,0.0,54,False,Season-long loan to Middlesbrough,2023-01-09T10:00:09.636178Z,42,433979.jpg,1.0,Archer,1.7,False,,u,2,7,6,343635,0,887498,159,0.0,1.4,Archer,43,0,0,0,1,0,0,0,0,0,0,0,13,1.8,2.4,6.0,0.9,0,0.00,0.01,0.01,0.37,518,66,467,65,448,67,507,67,,,,,,,0.0,0.0,0.02,0.02,0.77,2.09,610,90,527,57,474,61,144,23,0.0,0.0
0.0,0.0,481624,0,0,0,0,0,3,0.0,0.0,0,Jaden,0.0,55,False,Joined Cardiff City on loan - Expected back 01 Jul,2022-07-28T16:30:04.277181Z,45,481624.jpg,0.0,Philogene-Bidace,0.0,False,,u,2,7,0,0,0,386,0,0.0,0.0,Philogene-Bidace,0,0,0,0,0,0,0,0,0,0,0,0,0,0.0,0.0,0.0,0.0,0,0.00,0.00,0.00,0.00,698,283,695,286,681,279,701,285,,,,,,,0.0,0.0,0.0,0.0,0.0,0.0,417,233,643,246,705,289,745,314,0.0,0.0
0.0,0.0,203368,0,0,-1,1,0,2,0.0,0.0,0,Frédéric,0.0,56,False,Transferred to RC Strasbourg,2023-01-18T10:30:33.128344Z,39,203368.jpg,0.0,Guilbert,0.6,False,,u,2,7,0,69713,0,109471,60,0.0,0.0,Guilbert,0,0,0,0,0,0,0,0,0,0,0,0,0,0.0,0.0,0.0,0.0,0,0.00,0.00,0.00,0.00,552,195,533,193,498,183,555,194,,,,,,,0.0,0.0,0.0,0.0,0.0,0.0,727,238,424,150,561,195,248,89,0.0,0.0
100.0,100.0,151589,0,0,-3,3,0,3,0.9,1.4,0,Leander,1.4,479,False,,2023-03-03T15:30:08.504631Z,47,151589.jpg,1.6,Dendoncker,0.1,False,,a,2,7,36,9201,6,20246,12,0.3,7.7,Dendoncker,894,0,0,4,13,0,0,0,0,0,0,0,159,140.2,96.0,64.0,30.3,9,0.72,0.14,0.86,14.28,348,140,288,156,322,158,355,160,,,,,,,0.07,0.0,0.01,0.08,1.44,1.31,308,184,224,107,389,167,487,183,0.91,0.4
0.0,0.0,155561,0,0,-2,2,0,2,0.0,0.0,0,Ludwig,0.0,525,False,Recalled by Sevilla,2023-01-31T09:21:18.301152Z,43,155561.jpg,0.7,Augustinsson,0.0,False,,u,2,7,2,2106,0,7383,2,0.0,0.5,Augustinsson,76,0,0,0,0,0,0,0,1,0,0,0,5,5.6,1.9,35.0,4.2,1,0.08,0.01,0.09,0.74,497,176,469,169,383,137,472,164,,,,,,,0.09,0.0,0.01,0.1,0.88,0.0,545,134,546,220,539,184,554,204,1.18,0.0
0.0,0.0,537043,0,0,0,0,0,2,0.0,0.0,0,Kaine,0.0,537,False,Season-long loan to Huddersfield Town,2022-08-12T14:24:07.750145Z,40,537043.jpg,0.0,Kesler Hayden,0.0,False,,u,2,7,0,1637,0,10668,1,0.0,0.0,Kesler Hayden,0,0,0,0,0,0,0,0,0,0,0,0,0,0.0,0.0,0.0,0.0,0,0.00,0.00,0.00,0.00,624,236,610,235,581,230,628,236,,,,,,,0.0,0.0,0.0,0.0,0.0,0.0,709,228,504,198,634,237,536,200,0.0,0.0
,,18892,0,0,-2,2,1,2,1.7,2.2,1,Ashley,2.2,538,False,,,43,18892.jpg,3.1,Young,0.9,False,,a,2,7,87,264946,410,199339,887,0.5,20.2,Young,1994,1,0,9,27,0,0,0,6,0,0,8,383,369.2,223.4,79.0,67.4,23,0.46,0.78,1.24,31.28,179,68,152,34,297,94,216,64,,,,,,,0.02,0.0,0.04,0.06,1.41,1.22,528,123,152,44,140,38,196,71,1.04,0.41
0.0,0.0,515597,0,0,0,0,0,2,0.0,0.0,0,Lamare,0.0,638,False,Season-long loan to Bristol Rovers,2023-02-01T11:14:29.687932Z,40,515597.jpg,0.0,Bogarde,0.0,False,,u,2,7,0,6240,0,5529,5,0.0,0.0,Bogarde,0,0,0,0,0,0,0,0,0,0,0,0,0,0.0,0.0,0.0,0.0,0,0.00,0.00,0.00,0.00,618,231,603,229,574,224,621,230,,,,,,,0.0,0.0,0.0,0.0,0.0,0.0,702,222,497,192,628,232,558,205,0.0,0.0
0.0,0.0,462381,0,0,0,0,0,1,0.0,0.0,0,Filip,0.0,670,False,Season-long loan to Gateshead,2023-01-25T09:52:02.091357Z,40,462381.jpg,0.0,Marschall,0.0,False,,u,2,7,0,1138,0,965,0,0.0,0.0,Marschall,0,0,0,0,0,0,0,0,0,0,0,0,0,0.0,0.0,0.0,0.0,0,0.00,0.00,0.00,0.00,600,75,584,58,554,49,603,75,,,,,,,0.0,0.0,0.0,0.0,0.0,0.0,680,54,475,66,610,75,710,76,0.0,0.0
,,537403,0,0,0,0,0,3,-0.5,0.0,0,Kadan,0.0,672,False,,,45,537403.jpg,0.0,Young,0.0,False,,a,2,7,0,1272,3,887,8,0.0,0.0,Kadan Young,0,0,0,0,0,0,0,0,0,0,0,0,0,0.0,0.0,0.0,0.0,0,0.00,0.00,0.00,0.00,726,305,721,306,710,301,727,305,,,,,,,0.0,0.0,0.0,0.0,0.0,0.0,454,262,675,271,730,308,700,283,0.0,0.0
,,106468,0,0,0,0,1,2,2.5,3.0,2,Alexandre,3.0,694,False,,,45,106468.jpg,3.9,Moreno Lopera,2.9,False,,a,2,7,71,456592,2099,130956,5370,0.7,15.8,Álex Moreno,1314,0,3,7,10,0,0,0,3,0,0,5,274,249.2,317.0,151.0,71.4,14,0.59,2.56,3.15,17.80,260,100,110,19,213,40,200,57,,,,,,,0.04,0.0,0.18,0.22,1.22,0.68,355,67,93,20,61,10,113,40,0.96,0.48
,,248164,0,0,0,0,0,1,-0.5,0.0,0,Viljami,0.0,707,False,,,40,248164.jpg,0.0,Sinisalo,0.0,False,,a,2,7,0,1838,24,958,12,0.0,0.0,Sinisalo,0,0,0,0,0,0,0,0,0,0,0,0,0,0.0,0.0,0.0,0.0,0,0.00,0.00,0.00,0.00,588,69,572,52,540,43,591,69,,,,,,,0.0,0.0,0.0,0.0,0.0,0.0,664,48,462,60,598,69,654,69,0.0,0.0
,,476344,0,0,0,0,0,4,0.1,0.6,1,Jhon,0.6,711,False,,,55,476344.jpg,0.9,Durán,0.0,False,,a,2,7,10,5441,52,3981,31,0.1,1.8,Durán,123,0,0,0,3,0,0,0,1,0,0,0,12,10.6,13.1,51.0,7.1,0,0.59,0.02,0.61,3.48,483,60,438,61,354,57,454,60,,,,,,,0.43,0.0,0.01,0.44,2.55,2.2,114,41,322,42,529,68,623,81,0.0,0.0
,,514287,0,0,0,0,0,2,-0.5,0.0,0,Sil,0.0,744,False,,,40,514287.jpg,0.0,Swinkels,0.0,False,,a,2,7,0,2444,35,1389,35,0.0,0.0,Swinkels,0,0,0,0,0,0,0,0,0,0,0,0,0,0.0,0.0,0.0,0.0,0,0.00,0.00,0.00,0.00,614,228,599,226,570,221,617,227,,,,,,,0.0,0.0,0.0,0.0,0.0,0.0,697,218,492,188,624,229,616,224,0.0,0.0
,,516159,0,0,0,0,0,1,-0.5,0.0,0,Oliwier,0.0,745,False,,,40,516159.jpg,0.0,Zych,0.0,False,,a,2,7,0,941,10,566,8,0.0,0.0,Zych,0,0,0,0,0,0,0,0,0,0,0,0,0,0.0,0.0,0.0,0.0,0,0.00,0.00,0.00,0.00,619,79,604,63,575,54,622,79,,,,,,,0.0,0.0,0.0,0.0,0.0,0.0,703,59,498,71,629,79,690,74,0.0,0.0
,,481283,0,0,0,0,0,1,-0.5,0.0,0,James,0.0,753,False,,,40,481283.jpg,0.0,Wright,0.0,False,,a,2,7,0,319,6,168,6,0.0,0.0,Wright,0,0,0,0,0,0,0,0,0,0,0,0,0,0.0,0.0,0.0,0.0,0,0.00,0.00,0.00,0.00,609,77,593,60,563,51,612,77,,,,,,,0.0,0.0,0.0,0.0,0.0,0.0,690,56,485,68,619,77,735,81,0.0,0.0
,,479641,0,0,0,0,0,2,-0.5,0.0,0,Sebastian,0.0,754,False,,,40,479641.jpg,0.0,Revan,0.0,False,,a,2,7,0,752,34,337,12,0.0,0.0,Revan,0,0,0,0,0,0,0,0,0,0,0,0,0,0.0,0.0,0.0,0.0,0,0.00,0.00,0.00,0.00,607,222,591,220,561,214,610,221,,,,,,,0.0,0.0,0.0,0.0,0.0,0.0,688,211,483,181,617,223,686,247,0.0,0.0
,,534836,0,0,0,0,0,3,-0.5,0.0,0,Travis,0.0,755,False,,,45,534836.jpg,0.0,Patterson,0.0,False,,a,2,7,0,232,12,106,6,0.0,0.0,Patterson,0,0,0,0,0,0,0,0,0,0,0,0,0,0.0,0.0,0.0,0.0,0,0.00,0.00,0.00,0.00,725,304,720,305,709,300,726,304,,,,,,,0.0,0.0,0.0,0.0,0.0,0.0,452,260,674,270,729,307,750,318,0.0,0.0
,,515599,0,0,0,0,0,3,-0.5,0.0,0,Tommi,0.0,761,False,,,45,515599.jpg,0.0,O'Reilly,0.0,False,,a,2,7,0,110,7,36,5,0.0,0.0,O'Reilly,0,0,0,0,0,0,0,0,0,0,0,0,0,0.0,0.0,0.0,0.0,0,0.00,0.00,0.00,0.00,714,295,710,297,698,291,716,296,,,,,,,0.0,0.0,0.0,0.0,0.0,0.0,440,250,662,260,719,299,756,322,0.0,0.0
100.0,100.0,54469,0,0,-2,2,1,2,0.5,0.5,1,Adam,1.0,57,False,,2023-03-11T21:30:08.400437Z,43,54469.jpg,2.0,Smith,0.2,False,,a,3,91,71,64907,109,66205,235,0.2,16.5,Smith,2793,0,1,7,56,0,0,0,10,0,0,5,378,391.6,217.6,84.0,69.4,32,0.50,1.35,1.85,51.94,161,60,160,35,288,87,212,61,,,,,,,0.02,0.0,0.04,0.06,1.67,1.8,529,124,260,84,309,115,354,132,1.03,0.23
0.0,0.0,56872,0,0,-2,2,0,3,0.0,0.0,0,Junior,0.0,58,False,Back injury - Expected back 01 Jul,2023-03-02T00:30:08.588107Z,48,56872.jpg,1.0,Stanislas,0.0,False,,i,3,91,4,2139,3,11046,8,0.0,0.8,Stanislas,58,0,0,0,1,0,0,0,0,0,0,0,13,10.0,22.9,7.0,3.9,0,0.04,0.18,0.22,0.69,484,215,411,206,447,215,475,214,,,,,2.0,,0.06,0.0,0.28,0.34,1.07,1.55,260,155,699,290,511,232,624,251,0.0,0.0
0.0,0.0,81012,0,0,-1,1,0,2,0.0,0.0,0,Ryan,0.0,59,False,Calf injury - Expected back 01 Jul,2023-03-31T22:00:09.651924Z,44,81012.jpg,1.0,Fredericks,0.0,False,,i,3,91,12,3492,2,6109,6,0.0,2.7,Fredericks,527,0,0,0,11,0,0,0,1,0,0,0,63,66.0,26.7,12.0,10.6,5,0.00,0.29,0.29,10.14,411,155,401,143,433,158,441,158,,,,,,,0.0,0.0,0.05,0.05,1.73,1.88,472,93,562,226,487,174,606,222,0.85,0.0
100.0,100.0,111317,0,0,-2,2,0,3,-0.3,-0.3,0,David,0.2,60,False,,2022-08-01T17:30:04.697617Z,53,111317.jpg,0.8,Brooks,0.0,False,,a,3,91,3,1758,16,4791,13,0.0,0.6,Brooks,60,0,0,0,3,0,0,0,1,0,0,0,6,5.2,0.7,5.0,1.0,0,0.06,0.01,0.07,3.08,501,225,488,234,453,219,506,227,,,,,,,0.09,0.0,0.02,0.11,4.62,4.5,137,72,392,178,535,248,652,261,0.0,0.0
0.0,0.0,128309,0,0,-3,3,0,3,0.0,0.0,0,Jamal,0.0,61,False,Season-long loan to Queens Park Rangers,2023-01-12T11:58:52.113522Z,52,128309.jpg,1.0,Lowe,0.0,False,,u,3,91,2,1210,0,5471,3,0.0,0.4,Lowe,11,0,0,0,0,0,0,0,0,0,0,0,6,0.2,0.3,0.0,0.1,0,0.00,0.01,0.01,0.62,532,243,499,244,748,324,535,245,,,,,,,0.0,0.0,0.08,0.08,5.07,0.0,160,89,734,315,519,237,610,245,0.0,0.0
100.0,100.0,128340,0,0,-6,6,1,4,0.1,0.1,1,Kieffer,0.6,62,False,,2023-04-30T20:30:07.156816Z,49,128340.jpg,2.2,Moore,0.7,False,,a,3,91,55,433527,405,432513,242,0.1,11.2,Moore,1210,4,0,3,34,0,0,0,1,0,0,3,159,212.0,89.3,255.0,55.1,12,3.76,0.48,4.24,24.42,287,33,301,45,141,42,254,40,,,,,,,0.28,0.0,0.04,0.32,1.82,2.53,230,61,319,41,276,38,222,36,0.89,0.22
0.0,0.0,133845,0,0,-3,3,0,3,0.0,0.0,0,Emiliano,0.0,63,False,Season-long loan to FC Nordsjaelland,2023-01-13T09:22:17.710619Z,47,133845.jpg,1.0,Marcondes,0.0,False,,u,3,91,1,1011,0,2642,0,0.0,0.2,Marcondes,8,0,0,0,1,0,0,0,0,0,0,0,3,1.2,0.0,0.0,0.1,0,0.00,0.00,0.00,0.28,520,236,731,313,723,309,534,244,,,,,,,0.0,0.0,0.0,0.0,3.15,11.25,307,183,692,283,508,229,651,260,0.0,0.0
100.0,100.0,152551,0,0,-3,3,2,3,3.9,3.9,1,Jefferson,4.4,64,False,,2023-03-21T23:30:07.515286Z,47,152551.jpg,2.8,Lerma Solís,0.5,False,,a,3,91,97,146067,268,163177,498,0.9,20.6,Lerma,3072,5,0,7,65,1,0,0,7,0,0,5,474,605.6,291.2,309.0,120.6,35,2.50,2.96,5.46,58.08,66,27,119,85,114,74,88,62,,,,,,,0.07,0.0,0.09,0.16,1.7,1.9,309,185,30,17,180,68,273,89,1.03,0.21
,,154131,0,0,-3,3,0,2,-0.3,-0.3,0,Jack,0.2,65,False,,,42,154131.jpg,0.6,Stacey,0.0,False,,a,3,91,6,2848,12,6310,8,0.0,1.4,Stacey,293,0,0,0,10,0,0,0,2,0,0,0,36,44.2,8.6,8.0,6.0,3,0.09,0.03,0.12,6.14,439,159,450,159,442,162,462,162,,,,,,,0.03,0.0,0.01,0.04,1.89,3.07,591,162,368,125,540,185,544,202,0.92,0.0
100.0,100.0,154566,0,0,-3,3,3,4,3.3,3.3,2,Dominic,3.8,66,False,,2023-01-14T22:00:08.130052Z,57,154566.jpg,4.1,Solanke,3.9,False,,a,3,91,127,1970596,3567,1675510,6605,0.7,22.3,Solanke,2685,6,10,8,50,0,0,0,1,0,0,14,331,515.2,274.5,1005.0,178.8,30,8.70,2.25,10.95,49.02,106,9,125,14,13,8,38,11,,,,,1.0,,0.29,0.0,0.08,0.37,1.64,1.68,82,31,53,11,50,9,86,12,1.01,0.27
100.0,100.0,155408,0,0,-1,1,0,3,0.3,0.3,1,Lewis,0.8,67,False,,2023-01-14T22:00:08.347531Z,49,155408.jpg,1.9,Cook,0.1,False,,a,3,91,50,11500,15,14745,10,0.2,10.2,Cook,1622,0,2,3,38,0,0,0,3,0,0,1,272,304.0,350.6,45.0,70.1,17,0.24,2.25,2.49,30.60,215,91,95,72,369,181,208,106,,,,,,,0.01,0.0,0.12,0.13,1.7,2.11,233,133,294,138,338,135,505,195,0.94,0.17
0.0,0.0,156687,0,0,-1,1,0,3,0.0,0.0,0,Ben,0.0,68,False,Season-long loan to Stoke City,2023-02-01T11:15:54.184568Z,44,156687.jpg,1.3,Pearson,0.1,False,,u,3,91,9,53031,0,71728,6,0.0,2.0,Pearson,282,0,0,1,10,0,0,0,1,0,0,0,32,21.0,6.4,9.0,3.7,3,0.05,0.02,0.07,5.92,471,210,453,219,439,213,477,215,,,,,,,0.02,0.0,0.01,0.03,1.89,3.19,482,272,568,204,432,190,420,150,0.96,0.32
,,158499,0,0,-2,2,0,3,2.1,2.1,1,Ryan,2.6,69,False,,,53,158499.jpg,2.0,Christie,0.1,False,,a,3,91,60,8399,28,12420,50,0.5,11.3,Christie,1696,1,2,3,33,0,0,0,2,0,0,2,213,263.8,397.9,378.0,104.1,20,2.60,2.02,4.62,28.85,245,105,78,64,87,54,112,73,,,,,,,0.14,0.0,0.11,0.25,1.53,1.75,143,76,133,62,326,130,506,196,1.06,0.16
100.0,100.0,168991,0,0,-4,4,1,3,2.1,2.1,1,Philip,2.6,70,False,,2023-02-11T02:00:08.402939Z,51,168991.jpg,3.5,Billing,1.1,False,,a,3,91,124,552974,1043,455577,2934,0.5,24.3,Billing,2676,7,2,9,53,0,0,0,5,0,0,14,460,622.0,388.8,441.0,145.2,33,4.60,2.52,7.12,48.46,61,25,81,65,68,44,62,43,5.0,,1.0,,,,0.15,0.0,0.08,0.23,1.63,1.78,174,99,130,60,101,44,175,58,1.11,0.3
100.0,100.0,223911,0,0,-2,2,0,2,0.9,0.9,1,Chris,1.4,71,False,,2022-12-30T14:30:07.485485Z,43,223911.jpg,1.7,Mepham,0.1,False,,a,3,91,43,31811,20,36120,41,0.3,10.0,Mepham,2197,0,0,5,52,2,0,0,7,0,0,6,369,556.4,54.4,134.0,74.4,24,0.96,0.55,1.51,42.46,83,24,356,121,226,50,187,51,,,,,,,0.04,0.0,0.02,0.06,1.74,2.13,563,146,218,66,368,134,438,164,0.98,0.2
,,229600,0,0,-4,4,0,1,-0.5,-0.5,0,Mark,0.0,72,False,,,41,229600.jpg,2.3,Travers,0.4,False,,a,3,91,25,67250,89,84632,71,0.0,6.1,Travers,945,0,0,2,31,0,0,0,0,0,31,1,173,253.0,0.0,0.0,25.4,10,0.00,0.00,0.00,18.68,256,23,616,65,588,56,373,23,,,,,,,0.0,2.95,0.0,0.0,1.78,2.95,632,31,513,73,256,31,300,43,0.95,0.19
100.0,100.0,235530,0,0,-2,2,1,2,2.1,2.1,1,Lloyd,2.6,73,False,,2023-02-04T23:30:08.198837Z,43,235530.jpg,2.7,Kelly,0.5,False,,a,3,91,56,131175,120,182050,164,0.6,13.0,Kelly,1860,0,2,5,36,0,0,0,3,0,0,5,341,375.6,96.3,26.0,50.1,21,0.17,0.63,0.80,33.43,175,66,287,88,399,145,271,92,,,,,,,0.01,0.0,0.03,0.04,1.62,1.74,566,149,124,34,195,70,267,99,1.02,0.24
0.0,0.0,244085,0,0,-3,3,0,3,0.0,0.0,0,Siriki,0.0,74,False,Season-long loan to Auxerre,2023-02-01T11:16:41.390268Z,47,244085.jpg,1.0,Dembélé,0.1,False,,u,3,91,6,4315,0,11822,10,0.0,1.3,Dembélé,104,0,0,0,2,0,0,0,0,0,0,0,20,31.8,52.3,28.0,11.3,0,0.16,0.21,0.37,2.28,454,200,359,185,394,191,435,196,,,,,,,0.14,0.0,0.18,0.32,1.97,1.73,322,195,696,287,509,230,489,184,0.0,0.0
,,444180,0,0,-3,3,1,3,0.9,0.9,1,Jaidon,1.4,75,False,,,52,444180.jpg,2.1,Anthony,0.1,False,,a,3,91,58,12997,22,17761,24,0.3,11.2,Anthony,1144,3,1,2,28,0,0,0,2,0,0,4,182,291.8,204.4,263.0,76.0,10,1.69,1.08,2.77,24.47,224,95,172,108,138,82,180,99,3.0,,2.0,,,,0.13,0.0,0.08,0.21,1.93,2.2,166,93,230,110,302,118,471,173,0.79,0.16
100.0,100.0,447932,0,0,-3,3,0,2,-0.5,-0.5,0,Jordan,0.0,76,False,,2023-02-18T21:30:07.877306Z,42,447932.jpg,2.5,Zemura,0.1,False,,a,3,91,47,40587,50,47024,33,0.0,11.2,Zemura,1452,0,1,5,31,0,0,0,1,0,0,1,235,269.4,232.8,71.0,57.1,17,0.47,1.71,2.18,27.57,239,91,143,29,311,103,247,79,,,,,,,0.03,0.0,0.11,0.14,1.71,1.92,612,176,529,213,226,82,422,158,1.05,0.31
0.0,0.0,444172,0,0,-1,1,0,1,0.0,0.0,0,Will,0.0,77,False,Season-long loan to Slough Town,2023-01-23T12:40:09.360263Z,39,444172.jpg,0.0,Dennis,0.4,False,,u,3,91,0,40487,0,69381,60,0.0,0.0,Dennis,0,0,0,0,0,0,0,0,0,0,0,0,0,0.0,0.0,0.0,0.0,0,0.00,0.00,0.00,0.00,560,52,542,33,508,23,563,52,,,,,,,0.0,0.0,0.0,0.0,0.0,0.0,739,72,433,43,569,52,296,42,0.0,0.0
100.0,100.0,88900,0,0,-2,2,0,2,-0.5,-0.5,0,Jack,0.0,404,False,,2023-04-22T14:30:07.783310Z,43,88900.jpg,2.1,Stephens,0.0,False,,a,3,91,35,6781,3,9364,16,0.0,8.1,Stephens,1218,0,0,4,24,0,0,0,3,0,0,1,233,270.0,57.3,51.0,38.0,13,0.36,0.23,0.59,24.62,237,90,353,120,351,121,322,111,,,,,,,0.03,0.0,0.02,0.05,1.82,1.77,534,127,538,215,291,106,524,195,0.96,0.3
100.0,100.0,156685,0,0,-1,1,0,3,1.3,1.3,2,Joe,1.8,505,False,,2022-12-21T00:30:08.740330Z,49,156685.jpg,1.6,Rothwell,0.0,False,,a,3,91,33,1220,5,1614,4,0.4,6.7,Rothwell,1010,0,1,3,15,0,0,0,1,0,0,0,167,127.4,153.3,27.0,30.6,12,0.16,1.47,1.63,17.29,358,144,212,130,397,192,352,157,2.0,,4.0,,,,0.01,0.0,0.13,0.14,1.54,1.34,234,134,187,89,390,168,687,276,1.07,0.27
0.0,0.0,201658,0,0,-3,3,3,3,0.0,0.0,0,Marcus,2.6,535,False,Hamstring injury - Expected back 01 Jul,2023-04-27T23:30:09.287223Z,47,201658.jpg,4.1,Tavernier,0.2,False,,i,3,91,94,163353,11,161802,146,0.6,20.0,Tavernier,1740,5,4,5,37,0,0,0,1,0,0,12,315,459.8,348.4,436.0,124.2,19,3.13,1.37,4.50,31.77,130,56,96,73,70,45,83,58,4.0,,3.0,,,,0.16,0.0,0.07,0.23,1.64,1.91,317,191,126,58,47,24,370,129,0.98,0.26
0.0,0.0,463981,0,0,-1,1,0,2,0.0,0.0,0,James,0.0,539,False,Season-long loan to Heart of Midlothian,2023-01-12T11:57:41.840160Z,44,463981.jpg,0.0,Hill,0.0,False,,u,3,91,0,1706,0,4346,0,0.0,0.0,Hill,0,0,0,0,0,0,0,0,0,0,0,0,0,0.0,0.0,0.0,0.0,0,0.00,0.00,0.00,0.00,655,248,649,248,634,246,659,248,,,,,,,0.0,0.0,0.0,0.0,0.0,0.0,523,122,589,236,663,248,568,208,0.0,0.0
,,32259,0,0,0,0,0,1,-0.5,-0.5,0,Darren,0.0,571,False,,,40,32259.jpg,0.0,Randolph,0.1,False,,a,3,91,0,14291,39,13089,18,0.0,0.0,Randolph,0,0,0,0,0,0,0,0,0,0,0,0,0,0.0,0.0,0.0,0.0,0,0.00,0.00,0.00,0.00,569,58,551,39,517,29,572,58,,,,,,,0.0,0.0,0.0,0.0,0.0,0.0,638,34,442,49,578,58,396,49,0.0,0.0
100.0,100.0,69752,0,0,0,0,1,1,2.5,2.5,2,Norberto,3.0,574,False,,2022-10-25T11:30:07.951201Z,45,69752.jpg,3.5,Murara Neto,0.6,False,,a,3,91,90,135680,268,93242,688,0.7,20.0,Neto,2295,0,0,6,38,0,0,0,4,0,96,9,493,699.8,0.0,0.0,70.0,26,0.00,0.02,0.02,43.21,36,11,655,74,640,67,209,12,,,,,,,0.0,3.76,0.0,0.0,1.69,1.49,346,17,92,11,97,22,246,39,1.02,0.24
100.0,100.0,221466,0,0,-1,1,1,2,0.9,0.9,0,Marcos,1.4,576,False,,2023-04-05T08:30:07.283060Z,44,221466.jpg,2.3,Senesi,0.2,False,,a,3,91,66,73249,62,56734,371,0.3,15.0,Senesi,2309,2,0,5,53,0,0,0,6,0,0,5,435,565.0,77.9,108.0,75.2,27,1.55,0.33,1.88,45.13,77,23,317,103,260,71,182,48,,,,,,,0.06,0.0,0.01,0.07,1.76,2.07,500,113,220,68,258,96,349,128,1.05,0.19
0.0,0.0,461017,0,0,0,0,0,4,0.0,0.0,0,Christian,0.0,597,False,Season-long loan to Shrewsbury Town,2022-09-02T11:14:05.222430Z,45,461017.jpg,0.0,Saydee,0.0,False,,u,3,91,0,4958,0,5666,3,0.0,0.0,Saydee,0,0,0,0,0,0,0,0,0,0,0,0,0,0.0,0.0,0.0,0.0,0,0.00,0.00,0.00,0.00,687,76,684,76,669,76,690,77,,,,,,,0.0,0.0,0.0,0.0,0.0,0.0,401,74,630,66,694,77,634,84,0.0,0.0
0.0,0.0,518906,0,0,0,0,0,2,0.0,0.0,0,Owen,0.0,598,False,Season-long loan to Yeovil Town,2022-09-06T08:38:30.273520Z,40,518906.jpg,1.0,Bevan,0.0,False,,u,3,91,1,6869,0,7109,6,0.0,0.2,Bevan,8,0,0,0,1,0,0,0,0,0,0,0,3,0.2,0.0,0.0,0.0,0,0.00,0.00,0.00,0.28,529,183,607,232,578,227,625,233,,,,,,,0.0,0.0,0.0,0.0,3.15,11.25,706,225,501,195,468,167,577,213,0.0,0.0
,,461012,0,0,0,0,0,1,-0.5,-0.5,0,Cameron,0.0,649,False,,,40,461012.jpg,0.0,Plain,0.0,False,,a,3,91,0,3270,26,2435,9,0.0,0.0,Plain,0,0,0,0,0,0,0,0,0,0,0,0,0,0.0,0.0,0.0,0.0,0,0.00,0.00,0.00,0.00,599,74,583,57,553,48,602,74,,,,,,,0.0,0.0,0.0,0.0,0.0,0.0,679,53,474,65,609,74,631,66,0.0,0.0
,,590760,0,0,0,0,0,4,-0.5,-0.5,0,Daniel,0.0,695,False,,,45,590760.jpg,0.0,Adu-Adjei,0.0,False,,a,3,91,0,3363,96,2390,27,0.0,0.0,Adu-Adjei,0,0,0,0,0,0,0,0,0,0,0,0,0,0.0,0.0,0.0,0.0,0,0.00,0.00,0.00,0.00,732,86,727,86,716,87,733,87,,,,,,,0.0,0.0,0.0,0.0,0.0,0.0,461,88,682,79,736,87,625,82,0.0,0.0
,,596572,0,0,-1,1,0,3,-0.5,-0.5,0,Michael,0.0,696,False,,,44,596572.jpg,0.0,Dacosta Gonzalez,0.0,False,,a,3,91,0,957,46,684,9,0.0,0.0,Dacosta Gonzalez,0,0,0,0,0,0,0,0,0,0,0,0,0,0.0,0.0,0.0,0.0,0,0.00,0.00,0.00,0.00,658,261,652,264,637,257,662,263,,,,,,,0.0,0.0,0.0,0.0,0.0,0.0,527,291,593,221,666,267,716,294,0.0,0.0
,,550596,0,0,0,0,0,4,-0.5,-0.5,0,Dominic,0.0,697,False,,,45,550596.jpg,0.0,Sadi,0.0,False,,a,3,91,0,3807,96,2773,24,0.0,0.0,Sadi,0,0,0,0,0,0,0,0,0,0,0,0,0,0.0,0.0,0.0,0.0,0,0.00,0.00,0.00,0.00,729,85,724,85,713,86,730,86,,,,,,,0.0,0.0,0.0,0.0,0.0,0.0,457,86,678,77,733,86,615,80,0.0,0.0
,,533463,0,0,0,0,0,3,1.1,1.1,2,Dango,1.6,705,False,,,50,533463.jpg,2.7,Ouattara,0.0,False,,a,3,91,46,13560,36,10210,62,0.3,9.2,Ouattara,1125,1,3,1,22,0,0,0,1,0,0,4,151,270.0,247.1,274.0,78.9,14,3.46,1.54,5.00,24.62,238,101,135,93,127,79,172,95,,,,,,,0.28,0.0,0.12,0.4,1.97,1.76,218,123,204,100,200,76,559,221,1.12,0.08
,,461013,0,0,0,0,0,4,-0.5,-0.5,0,Euan,0.0,706,False,,,45,461013.jpg,0.0,Pollock,0.0,False,,a,3,91,0,2858,116,2044,17,0.0,0.0,Pollock,0,0,0,0,0,0,0,0,0,0,0,0,0,0.0,0.0,0.0,0.0,0,0.00,0.00,0.00,0.00,686,75,683,75,668,75,689,76,,,,,,,0.0,0.0,0.0,0.0,0.0,0.0,400,73,629,65,693,76,637,85,0.0,0.0
25.0,,437730,0,0,0,0,0,4,0.2,0.9,0,Antoine,1.4,714,False,Leg injury - 25% chance of playing,2023-05-14T08:30:08.789298Z,50,437730.jpg,1.6,Semenyo,0.0,False,,d,3,91,18,5975,22,4115,76,0.3,3.6,Semenyo,250,1,0,0,6,0,0,0,0,0,0,1,56,50.0,26.5,32.0,10.7,2,0.36,0.02,0.38,7.70,430,54,402,56,387,61,440,58,,,,,,,0.13,0.0,0.01,0.14,2.77,2.16,208,56,228,29,393,51,596,79,0.72,0.0
100.0,100.0,244704,0,0,0,0,0,2,2.5,2.5,0,Matías,3.0,718,False,,2023-04-20T13:30:08.785508Z,45,244704.jpg,2.6,Viña,0.1,False,,a,3,91,26,10598,283,3138,317,0.7,5.8,Viña,394,2,0,1,9,0,0,0,1,0,0,0,88,141.8,27.5,86.0,25.6,5,0.81,0.10,0.91,7.09,345,141,397,141,285,86,370,130,,,,,,,0.19,0.0,0.02,0.21,1.62,2.06,382,80,94,21,213,80,462,173,1.14,0.23
100.0,100.0,477580,0,0,0,0,0,2,-0.1,-0.1,1,Illia,0.4,722,False,,2023-02-11T02:00:09.010595Z,45,477580.jpg,1.0,Zabarnyi,0.0,False,,a,3,91,3,977,13,690,14,0.1,0.7,Zabarnyi,117,0,0,0,3,0,0,0,0,0,0,0,24,22.6,0.1,0.0,2.2,1,0.00,0.00,0.00,2.63,469,166,506,183,679,254,494,173,,,,,,,0.0,0.0,0.0,0.0,2.02,2.31,414,85,339,114,497,177,689,248,0.77,0.0
0.0,0.0,424044,0,0,0,0,0,3,0.0,0.0,0,Hamed,0.0,723,False,Foot injury - Expected back 28 May,2023-04-08T22:30:08.849730Z,45,424044.jpg,2.0,Traorè,0.0,False,,i,3,91,14,2503,9,2082,10,0.0,3.1,H.Traorè,425,0,0,2,8,0,0,0,0,0,0,0,60,84.0,218.5,36.0,33.8,5,1.04,1.15,2.19,9.94,396,169,159,105,382,186,337,149,1.0,,6.0,,,,0.22,0.0,0.24,0.46,2.1,1.69,385,217,618,232,315,120,703,286,1.06,0.42
,,474772,0,0,0,0,0,2,-0.5,-0.5,0,Ben,0.0,737,False,,,40,474772.jpg,0.0,Greenwood,0.0,False,,a,3,91,0,4318,104,2214,37,0.0,0.0,Greenwood,0,0,0,0,0,0,0,0,0,0,0,0,0,0.0,0.0,0.0,0.0,0,0.00,0.00,0.00,0.00,604,219,588,217,558,211,607,218,,,,,,,0.0,0.0,0.0,0.0,0.0,0.0,685,208,480,178,614,220,576,212,0.0,0.0
,,496683,0,0,0,0,0,2,-0.5,-0.5,0,Max,0.0,738,False,,,40,496683.jpg,0.0,Kinsey-Wellings,0.0,False,,a,3,91,0,1222,54,899,20,0.0,0.0,Kinsey-Wellings,0,0,0,0,0,0,0,0,0,0,0,0,0,0.0,0.0,0.0,0.0,0,0.00,0.00,0.00,0.00,612,226,597,224,568,219,615,225,,,,,,,0.0,0.0,0.0,0.0,0.0,0.0,695,216,490,186,622,227,658,237,0.0,0.0
0.0,0.0,61810,0,0,-3,3,0,2,0.0,0.0,0,Pontus,0.0,78,False,Hamstring injury - Expected back 01 Jul,2023-04-08T22:30:07.950041Z,42,61810.jpg,2.4,Jansson,0.3,False,,i,4,94,29,43129,5,209542,45,0.0,6.9,Jansson,722,1,0,2,14,0,0,0,0,0,0,0,147,176.2,2.5,53.0,23.4,9,0.34,0.11,0.45,13.51,313,124,466,168,345,119,386,143,,,,,,,0.04,0.0,0.01,0.05,1.68,1.75,582,156,517,205,240,89,319,115,1.12,0.25
0.0,0.0,128295,0,0,-2,2,0,3,0.0,0.0,0,Christian,0.0,79,False,Achilles injury - Unknown return date,2023-04-22T17:30:08.014238Z,53,128295.jpg,3.2,Nørgaard,0.2,False,,i,4,94,71,67106,14,86421,93,0.0,13.4,Nørgaard,1763,1,6,6,23,0,0,0,6,0,0,6,309,379.2,173.7,269.0,82.3,21,1.64,1.74,3.38,25.13,171,71,193,122,135,80,162,92,,,,,,,0.08,0.0,0.09,0.17,1.28,1.17,139,74,740,319,134,55,379,133,1.07,0.31
75.0,100.0,144485,0,0,3,-3,5,4,3.0,4.0,0,Ivan,4.0,80,False,Hamstring injury - 75% chance of playing,2023-05-14T20:00:08.713931Z,73,144485.jpg,5.5,Toney,27.1,False,,d,4,94,182,10687018,3246,8633442,62288,0.5,24.9,Toney,2953,20,4,10,42,0,0,1,9,0,0,35,607,926.8,424.3,1240.0,258.7,33,18.74,3.72,22.46,43.65,10,3,71,4,7,4,12,3,,,1.0,,1.0,,0.57,0.0,0.11,0.68,1.33,1.28,30,15,48,10,11,3,12,4,1.01,0.3
,,154561,0,0,3,-3,1,1,4.6,4.6,7,David,4.6,81,True,,,48,154561.jpg,4.3,Raya Martin,15.2,False,,a,4,94,156,2608424,3385,1531487,9728,1.0,32.5,Raya,3240,0,0,11,45,1,0,0,1,0,146,20,777,1072.8,20.1,4.0,109.9,36,0.11,0.12,0.23,47.59,4,2,416,3,464,2,106,2,,,,,,,0.0,4.06,0.0,0.0,1.32,1.25,272,10,27,2,30,8,24,5,1.0,0.31
0.0,0.0,174932,0,0,0,0,0,2,0.0,0.0,0,Sergi,0.0,82,False,Season-long loan to Olympiacos,2023-02-01T12:27:54.538426Z,50,174932.jpg,1.0,Canós Tenés,0.1,False,,u,4,94,5,35030,0,33119,12,0.0,1.0,Canós,73,0,0,0,2,0,0,0,0,0,0,0,14,7.0,13.5,6.0,2.8,0,0.07,0.04,0.11,1.79,492,174,433,154,450,166,486,170,,,,,,,0.09,0.0,0.05,0.14,2.21,2.47,195,24,720,254,516,178,472,177,0.0,0.0
,,183656,0,0,-4,4,0,3,2.4,2.4,1,Josh,2.4,83,False,,,41,183656.jpg,2.3,Dasilva,3.7,False,,a,4,94,79,1951493,3128,1809152,2010,0.6,19.3,Dasilva,1350,4,2,5,17,0,0,0,1,0,0,3,267,304.2,206.1,182.0,69.2,14,1.58,1.62,3.20,17.14,214,90,170,107,186,111,213,107,,,,,4.0,,0.11,0.0,0.11,0.22,1.14,1.13,628,329,136,64,255,97,89,29,0.93,0.33
100.0,100.0,191866,0,0,0,0,0,2,0.0,0.0,0,Kristoffer,0.0,84,False,,2023-03-16T15:30:09.289303Z,45,191866.jpg,3.2,Ajer,0.1,False,,a,4,94,29,24965,57,23765,24,0.0,6.4,Ajer,763,0,0,4,14,0,0,0,0,0,0,0,129,96.8,24.7,27.0,15.1,9,0.04,0.12,0.16,11.34,379,148,406,145,396,144,419,150,,,,,,,0.0,0.0,0.01,0.01,1.34,1.65,363,72,604,242,131,35,458,170,1.06,0.47
100.0,100.0,194010,0,0,-1,1,1,2,2.8,2.8,6,Rico,2.8,85,False,,2023-01-14T19:00:07.793768Z,44,194010.jpg,3.0,Henry,2.8,False,,a,4,94,104,798469,844,572956,2258,0.6,23.6,Henry,3060,0,3,10,45,0,0,0,3,0,0,3,469,427.4,372.9,196.0,99.7,35,1.79,2.77,4.56,45.96,142,47,88,15,177,28,121,22,,,,,,,0.05,0.0,0.08,0.13,1.35,1.32,492,106,109,30,158,47,115,41,1.03,0.29
100.0,100.0,204580,0,0,0,0,0,3,2.4,2.4,3,Vitaly,2.4,86,False,,2023-03-15T22:30:08.343303Z,55,204580.jpg,2.5,Janelt,0.1,False,,a,4,94,81,45108,63,46860,32,0.4,14.7,Janelt,2021,3,1,7,27,0,0,0,2,0,0,5,343,404.6,244.6,221.0,87.1,22,2.17,1.35,3.52,27.15,151,63,138,96,159,94,149,90,,,,,,,0.1,0.0,0.06,0.16,1.21,1.2,108,58,142,68,236,91,423,151,0.98,0.31
,,205836,0,0,-2,2,0,3,0.4,0.4,1,Saman,0.4,87,False,,,48,205836.jpg,1.0,Ghoddos,0.0,False,,a,4,94,14,2026,5,3450,2,0.1,2.9,Ghoddos,123,0,0,0,5,0,0,0,0,0,0,0,51,27.2,62.8,21.0,11.1,0,0.05,0.29,0.34,3.94,462,204,344,179,413,200,438,198,3.0,,,,,,0.04,0.0,0.21,0.25,2.88,3.66,280,168,342,159,512,233,604,240,0.0,0.0
100.0,100.0,207283,0,0,-2,2,2,3,2.8,2.8,6,Mathias,2.8,88,False,,2022-10-29T19:30:07.406123Z,48,207283.jpg,3.6,Jensen,1.9,False,,a,4,94,130,911870,1510,777338,1633,0.6,27.1,Jensen,2734,5,7,10,39,0,0,0,5,0,0,11,490,646.0,785.3,206.0,163.8,36,2.26,4.72,6.98,39.45,50,21,18,15,170,101,50,36,2.0,,2.0,,,,0.07,0.0,0.16,0.23,1.3,1.28,281,169,113,53,81,35,136,48,1.19,0.33
,,216646,0,0,-2,2,0,3,2.8,2.8,8,Yoane,2.8,89,False,,,53,216646.jpg,2.7,Wissa,0.2,False,,a,4,94,97,104182,305,109438,84,0.5,18.3,Wissa,1411,6,3,6,16,0,0,0,2,0,0,4,253,310.2,161.2,390.0,85.4,14,4.90,0.95,5.85,19.85,208,88,203,125,84,53,151,91,,,,,,,0.31,0.0,0.06,0.37,1.27,1.02,148,81,115,55,203,79,360,125,0.89,0.38
100.0,100.0,226956,0,0,-2,2,0,2,1.4,1.4,1,Mads,1.4,90,False,,2023-03-15T23:00:08.667220Z,43,226956.jpg,2.6,Roerslev Rasmussen,0.1,False,,a,4,94,46,12040,10,13417,15,0.3,10.7,Roerslev,1099,0,0,5,12,0,0,0,0,0,0,0,195,162.6,120.6,46.0,32.9,12,0.28,0.82,1.10,16.92,323,130,249,66,363,128,342,120,,,,,,,0.02,0.0,0.07,0.09,1.39,0.98,564,147,219,67,208,76,491,182,0.98,0.41
0.0,0.0,228044,0,0,0,0,0,2,0.0,0.0,0,Mads,0.0,91,False,Season-long loan to Nice,2022-09-02T10:45:40.543006Z,45,228044.jpg,1.0,Bech Sørensen,0.0,False,,u,4,94,4,1768,0,7117,1,0.0,0.9,Bech,18,0,0,0,0,0,0,0,0,0,0,0,12,2.6,0.2,0.0,0.2,0,0.00,0.00,0.00,0.28,511,178,501,182,657,251,527,183,,,,,,,0.0,0.0,0.0,0.0,1.4,0.0,380,79,615,245,495,176,579,214,0.0,0.0
100.0,100.0,231065,0,0,-1,1,0,2,3.8,3.8,7,Ethan,3.8,92,False,,2022-07-22T23:00:04.442209Z,44,231065.jpg,3.4,Pinnock,0.9,False,,a,4,94,95,246705,425,151047,895,0.9,21.6,Pinnock,2520,2,0,9,33,1,0,0,0,0,0,3,513,735.2,104.6,273.0,111.5,28,2.67,1.05,3.72,37.64,30,4,275,83,129,11,102,15,,,,,,,0.1,0.0,0.04,0.14,1.34,1.18,505,116,51,8,110,26,191,68,1.0,0.32
100.0,100.0,428580,0,0,-2,2,0,3,2.8,2.8,1,Frank,2.8,93,False,,2023-04-04T14:00:24.565190Z,48,428580.jpg,1.8,Onyeka,0.0,False,,a,4,94,34,4306,10,6512,15,0.6,7.1,Onyeka,712,0,3,2,10,0,0,0,0,0,0,0,98,119.2,78.1,104.0,30.3,6,1.02,0.70,1.72,14.12,362,147,316,166,268,141,356,161,,,,,,,0.13,0.0,0.09,0.22,1.78,1.26,290,173,114,54,358,150,574,227,0.76,0.25
100.0,100.0,432160,0,0,0,0,0,3,1.4,1.4,1,Shandon,1.4,94,False,,2023-03-18T19:00:08.431799Z,45,432160.jpg,1.3,Baptiste,0.2,False,,a,4,94,27,39808,51,57301,25,0.3,6.0,Baptiste,573,0,2,1,6,0,0,0,1,1,0,0,118,105.2,144.2,54.0,30.4,4,0.32,0.52,0.84,6.56,371,155,221,135,341,167,354,159,,,,,,,0.05,0.0,0.08,0.13,1.03,0.94,386,218,221,106,436,191,369,128,0.63,0.16
,,446008,0,0,-4,4,2,4,5.0,5.0,9,Bryan,5.0,95,False,,,56,446008.jpg,3.6,Mbeumo,3.1,False,,a,4,94,129,1360359,4817,1302978,2403,0.9,23.0,Mbeumo,2727,7,7,9,38,0,0,0,5,0,0,16,472,572.8,751.1,799.0,212.1,34,9.02,4.81,13.83,39.50,74,7,22,1,24,11,22,6,1.0,,3.0,,2.0,,0.3,0.0,0.16,0.46,1.3,1.25,101,37,18,7,88,12,107,15,1.12,0.3
0.0,0.0,213687,0,0,-1,1,0,2,0.0,0.0,0,Charlie,0.0,96,False,Season-long loan to Blackpool,2023-01-25T09:46:46.479703Z,39,213687.jpg,0.0,Goode,0.4,False,,u,4,94,0,60732,0,92051,50,0.0,0.0,Goode,0,0,0,0,0,0,0,0,0,0,0,0,0,0.0,0.0,0.0,0.0,0,0.00,0.00,0.00,0.00,553,196,535,194,500,184,556,195,,,,,,,0.0,0.0,0.0,0.0,0.0,0.0,729,239,425,151,562,196,289,107,0.0,0.0
0.0,0.0,216620,0,0,0,0,0,4,0.0,0.0,0,Marcus,0.0,97,False,Transferred to Middlesbrough,2022-07-28T16:30:04.354162Z,45,216620.jpg,0.0,Forss,0.0,False,,u,4,94,0,0,0,13346,3,0.0,0.0,Forss,0,0,0,0,0,0,0,0,0,0,0,0,0,0.0,0.0,0.0,0.0,0,0.00,0.00,0.00,0.00,671,70,667,70,653,71,675,72,,,,,,,0.0,0.0,0.0,0.0,0.0,0.0,373,67,611,60,679,72,542,72,0.0,0.0
0.0,0.0,232247,0,0,0,0,0,2,0.0,0.0,0,Dominic,0.0,98,False,Transferred to Blackpool,2022-07-25T23:00:04.235293Z,40,232247.jpg,0.0,Thompson,0.0,False,,u,4,94,0,0,0,3088,1,0.0,0.0,Thompson,0,0,0,0,0,0,0,0,0,0,0,0,0,0.0,0.0,0.0,0.0,0,0.00,0.00,0.00,0.00,584,210,568,208,536,200,587,209,,,,,,,0.0,0.0,0.0,0.0,0.0,0.0,659,194,458,167,594,211,649,235,0.0,0.0
0.0,0.0,481405,0,0,0,0,0,3,0.0,0.0,0,Mads,0.0,99,False,Season-long loan to FC Nordsjælland,2022-07-15T15:58:39.010980Z,45,481405.jpg,0.0,Bidstrup,0.0,False,,u,4,94,0,0,0,146,0,0.0,0.0,Bidstrup,0,0,0,0,0,0,0,0,0,0,0,0,0,0.0,0.0,0.0,0.0,0,0.00,0.00,0.00,0.00,697,282,694,285,680,278,700,284,,,,,,,0.0,0.0,0.0,0.0,0.0,0.0,415,232,642,245,704,288,757,323,0.0,0.0
0.0,0.0,235448,0,0,0,0,0,1,0.0,0.0,0,Ellery,0.0,100,False,Joined Crawley Town on loan - Expected back 01 Jul,2022-07-31T21:00:04.294454Z,40,235448.jpg,0.0,Balcombe,0.0,False,,u,4,94,0,0,0,10344,5,0.0,0.0,Balcombe,0,0,0,0,0,0,0,0,0,0,0,0,0,0.0,0.0,0.0,0.0,0,0.00,0.00,0.00,0.00,585,66,569,49,537,40,588,66,,,,,,,0.0,0.0,0.0,0.0,0.0,0.0,660,45,459,57,595,66,523,58,0.0,0.0
100.0,100.0,472713,0,0,-1,1,0,2,2.4,2.4,5,Aaron,2.4,510,False,,2023-03-29T09:00:10.250182Z,49,472713.jpg,2.2,Hickey,0.3,False,,a,4,94,52,66424,196,77914,140,0.5,10.6,Hickey,1761,0,2,4,29,0,0,0,7,0,0,2,267,205.0,106.1,96.0,40.8,21,0.38,0.50,0.88,26.34,292,114,272,80,270,75,312,106,,,,,,,0.02,0.0,0.03,0.05,1.35,1.48,253,35,140,38,279,103,320,116,1.07,0.2
0.0,0.0,249231,0,0,-3,3,0,3,0.0,0.0,0,Keane,0.0,515,False,Knee injury - Expected back 01 Jul,2023-03-09T20:30:09.340852Z,52,249231.jpg,1.4,Lewis-Potter,0.0,False,,i,4,94,14,3993,8,12267,10,0.0,2.7,Lewis-Potter,313,0,1,0,4,0,0,0,0,0,0,0,37,42.0,64.0,114.0,21.9,3,0.49,0.29,0.78,4.15,443,194,343,178,252,133,395,175,,,,,,,0.14,0.0,0.08,0.22,1.19,1.15,164,92,735,316,427,186,531,205,0.86,0.0
0.0,0.0,140200,0,0,-2,2,0,1,0.0,0.0,0,Thomas,0.0,517,False,Calf injury - Unknown return date,2023-04-25T13:30:09.359267Z,43,140200.jpg,0.0,Strakosha,0.1,False,,i,4,94,0,6403,14,19977,10,0.0,0.0,Strakosha,0,0,0,0,0,0,0,0,0,0,0,0,0,0.0,0.0,0.0,0.0,0,0.00,0.00,0.00,0.00,634,80,625,68,601,59,638,80,,,,,,,0.0,0.0,0.0,0.0,0.0,0.0,542,28,544,75,643,80,429,52,0.0,0.0
,,51927,0,0,4,-4,4,2,4.6,4.6,11,Ben,4.6,526,False,,,49,51927.jpg,3.9,Mee,14.9,False,,a,4,94,135,3567716,6157,2074476,13617,0.9,27.6,Mee,3089,3,2,11,39,0,0,0,2,0,0,11,604,715.4,91.6,299.0,110.8,35,3.04,0.70,3.74,43.78,33,5,295,91,117,6,103,16,,,,,,,0.09,0.0,0.02,0.11,1.28,1.14,220,29,28,3,64,12,25,8,1.02,0.32
0.0,0.0,450550,0,0,0,0,0,2,0.0,0.0,0,Fin,0.0,540,False,Season-long loan to Swansea City,2022-09-02T11:06:34.494373Z,40,450550.jpg,0.0,Stevens,0.1,False,,u,4,94,0,11638,0,29266,5,0.0,0.0,Stevens,0,0,0,0,0,0,0,0,0,0,0,0,0,0.0,0.0,0.0,0.0,0,0.00,0.00,0.00,0.00,598,216,582,214,552,208,601,215,,,,,,,0.0,0.0,0.0,0.0,0.0,0.0,678,204,473,174,608,217,424,159,0.0,0.0
